{
  "II#_M7": {
    "1": 0.9230769230769231,
    "2": 0.07692307692307693
  },
  "I_M": {
    "1": 0.7334905660377359,
    "2": 0.2099056603773585,
    "3": 0.036163522012578615,
    "4": 0.014937106918238994,
    "5": 0.0031446540880503146,
    "6": 0.0023584905660377358
  },
  "V_m": {
    "1": 0.8074534161490683,
    "3": 0.037267080745341616,
    "2": 0.14906832298136646,
    "4": 0.006211180124223602
  },
  "II_M": {
    "1": 0.9508196721311475,
    "2": 0.03278688524590164,
    "3": 0.01639344262295082
  },
  "IV_M": {
    "1": 0.8410174880763116,
    "3": 0.030206677265500796,
    "2": 0.12241653418124006,
    "4": 0.006359300476947536
  },
  "VI_m7": {
    "1": 0.8126036484245439,
    "2": 0.1691542288557214,
    "6": 0.001658374792703151,
    "3": 0.009950248756218905,
    "7": 0.001658374792703151,
    "4": 0.001658374792703151,
    "5": 0.003316749585406302
  },
  "I_M7": {
    "2": 0.16045380875202594,
    "1": 0.7974068071312804,
    "3": 0.02593192868719611,
    "4": 0.008103727714748784,
    "6": 0.0032414910858995136,
    "7": 0.0016207455429497568,
    "5": 0.0032414910858995136
  },
  "V_sus4": {
    "1": 0.8888888888888888,
    "2": 0.10204081632653061,
    "3": 0.0045351473922902496,
    "4": 0.0045351473922902496
  },
  "IV_sus2": {
    "1": 0.8708971553610503,
    "2": 0.11816192560175055,
    "3": 0.010940919037199124
  },
  "IV_M7": {
    "1": 0.8227665706051873,
    "2": 0.14985590778097982,
    "3": 0.020172910662824207,
    "4": 0.007204610951008645
  },
  "VI_m": {
    "1": 0.8072519083969466,
    "2": 0.17557251908396945,
    "3": 0.011450381679389313,
    "4": 0.0057251908396946565
  },
  "V_M": {
    "2": 0.13828238719068414,
    "1": 0.8369723435225619,
    "3": 0.021834061135371178,
    "4": 0.002911208151382824
  },
  "III_m": {
    "1": 0.8556701030927835,
    "2": 0.13402061855670103,
    "3": 0.010309278350515464
  },
  "III_M": {
    "1": 0.8780487804878049,
    "2": 0.10569105691056911,
    "3": 0.012195121951219513,
    "4": 0.0040650406504065045
  },
  "III_+": {
    "1": 0.9,
    "2": 0.1
  },
  "VI_sus2": {
    "2": 0.061068702290076333,
    "1": 0.9389312977099237
  },
  "I_m": {
    "2": 0.21627647714604237,
    "1": 0.6789297658862876,
    "3": 0.0713489409141583,
    "4": 0.01560758082497213,
    "5": 0.008918617614269788,
    "6": 0.005574136008918618,
    "7": 0.002229654403567447,
    "8": 0.0011148272017837235
  },
  "I_m7": {
    "1": 0.7192982456140351,
    "2": 0.19883040935672514,
    "3": 0.04678362573099415,
    "7": 0.0029239766081871343,
    "8": 0.005847953216374269,
    "4": 0.011695906432748537,
    "6": 0.008771929824561403,
    "5": 0.005847953216374269
  },
  "I_sus2": {
    "1": 0.8235294117647058,
    "3": 0.012605042016806723,
    "2": 0.14915966386554622,
    "4": 0.012605042016806723,
    "5": 0.0021008403361344537
  },
  "IV_7": {
    "1": 0.8080808080808081,
    "2": 0.18181818181818182,
    "3": 0.010101010101010102
  },
  "VI_M": {
    "1": 0.8103837471783296,
    "2": 0.14672686230248308,
    "3": 0.02708803611738149,
    "4": 0.011286681715575621,
    "6": 0.002257336343115124,
    "5": 0.002257336343115124
  },
  "III_sus2": {
    "1": 1.0
  },
  "VII_M7": {
    "1": 0.8,
    "2": 0.15,
    "3": 0.05
  },
  "V_m7": {
    "1": 0.8435374149659864,
    "2": 0.1292517006802721,
    "3": 0.02040816326530612,
    "4": 0.006802721088435374
  },
  "I_sus4": {
    "1": 0.8821752265861027,
    "2": 0.08459214501510574,
    "3": 0.021148036253776436,
    "4": 0.00906344410876133,
    "5": 0.0030211480362537764
  },
  "II_m": {
    "1": 0.8480392156862745,
    "2": 0.1323529411764706,
    "3": 0.0196078431372549
  },
  "III_m7": {
    "1": 0.8603603603603603,
    "2": 0.11711711711711711,
    "4": 0.013513513513513514,
    "5": 0.0045045045045045045,
    "3": 0.0045045045045045045
  },
  "II_sus4": {
    "2": 0.09375,
    "1": 0.890625,
    "3": 0.015625
  },
  "V#_+": {
    "1": 0.9333333333333333,
    "2": 0.06666666666666667
  },
  "VI#_m7": {
    "1": 0.8666666666666667,
    "3": 0.06666666666666667,
    "4": 0.06666666666666667
  },
  "V#_M": {
    "1": 0.9130434782608695,
    "2": 0.08695652173913043
  },
  "V#_M7": {
    "2": 0.3157894736842105,
    "1": 0.6842105263157895
  },
  "III_M7": {
    "1": 0.8097560975609757,
    "2": 0.16097560975609757,
    "3": 0.01951219512195122,
    "4": 0.00975609756097561
  },
  "V_7": {
    "1": 0.8373831775700935,
    "2": 0.1383177570093458,
    "4": 0.005607476635514018,
    "3": 0.011214953271028037,
    "5": 0.005607476635514018,
    "7": 0.001869158878504673
  },
  "III_7": {
    "1": 0.9090909090909091,
    "3": 0.025974025974025976,
    "2": 0.06493506493506493
  },
  "I_7": {
    "1": 0.7984496124031008,
    "2": 0.13953488372093023,
    "4": 0.007751937984496124,
    "9": 0.007751937984496124,
    "3": 0.046511627906976744
  },
  "II_m7": {
    "1": 0.8312958435207825,
    "2": 0.1198044009779951,
    "3": 0.034229828850855744,
    "4": 0.009779951100244499,
    "6": 0.0024449877750611247,
    "5": 0.0024449877750611247
  },
  "VII_m7": {
    "1": 0.8928571428571429,
    "2": 0.10714285714285714
  },
  "VI_7": {
    "1": 0.9558823529411765,
    "2": 0.029411764705882353,
    "5": 0.014705882352941176
  },
  "VI_sus4": {
    "1": 0.8791208791208791,
    "2": 0.0989010989010989,
    "3": 0.02197802197802198
  },
  "IV_m": {
    "1": 0.8489932885906041,
    "2": 0.12416107382550336,
    "5": 0.006711409395973154,
    "3": 0.010067114093959731,
    "7": 0.003355704697986577,
    "4": 0.006711409395973154
  },
  "I_+": {
    "1": 0.76,
    "5": 0.04,
    "4": 0.04,
    "2": 0.1,
    "3": 0.06
  },
  "II_sus2": {
    "1": 0.9565217391304348,
    "2": 0.043478260869565216
  },
  "V_sus2": {
    "1": 0.8811881188118812,
    "2": 0.10891089108910891,
    "3": 0.009900990099009901
  },
  "II_7": {
    "1": 0.8636363636363636,
    "2": 0.11818181818181818,
    "3": 0.00909090909090909,
    "4": 0.00909090909090909
  },
  "II_+": {
    "1": 1.0
  },
  "VI#_M": {
    "1": 0.8857142857142857,
    "2": 0.1,
    "3": 0.014285714285714285
  },
  "IV#_o": {
    "1": 1.0
  },
  "III_o": {
    "1": 1.0
  },
  "III_/o7": {
    "1": 1.0
  },
  "VI#_M7": {
    "1": 0.8695652173913043,
    "2": 0.13043478260869565
  },
  "IV_sus4": {
    "1": 0.9473684210526315,
    "2": 0.05263157894736842
  },
  "V_M7": {
    "1": 0.7941176470588235,
    "2": 0.17647058823529413,
    "3": 0.029411764705882353
  },
  "VI#_7": {
    "1": 0.7142857142857143,
    "2": 0.14285714285714285,
    "3": 0.14285714285714285
  },
  "IV_m7": {
    "1": 0.7472924187725631,
    "3": 0.04693140794223827,
    "2": 0.19494584837545126,
    "4": 0.007220216606498195,
    "5": 0.0036101083032490976
  },
  "VI#_sus2": {
    "1": 0.8421052631578947,
    "2": 0.10526315789473684,
    "3": 0.05263157894736842
  },
  "IV_o7": {
    "1": 0.925,
    "6": 0.025,
    "2": 0.05
  },
  "VI_M7": {
    "1": 0.7254901960784313,
    "2": 0.19444444444444445,
    "3": 0.058823529411764705,
    "4": 0.00980392156862745,
    "5": 0.006535947712418301,
    "6": 0.0032679738562091504,
    "8": 0.0016339869281045752
  },
  "VII_M": {
    "1": 0.8801652892561983,
    "2": 0.09917355371900827,
    "3": 0.012396694214876033,
    "4": 0.008264462809917356
  },
  "III_sus4": {
    "1": 1.0
  },
  "V_+": {
    "1": 0.9354838709677419,
    "2": 0.06451612903225806
  },
  "VI_o": {
    "1": 0.9285714285714286,
    "2": 0.07142857142857142
  },
  "II_M7": {
    "1": 0.9166666666666666,
    "3": 0.08333333333333333
  },
  "II#_M": {
    "1": 0.8888888888888888,
    "2": 0.1111111111111111
  },
  "VII_/o7": {
    "1": 0.9411764705882353,
    "2": 0.058823529411764705
  },
  "VI#_+": {
    "1": 1.0
  },
  "VII_7": {
    "1": 0.8068181818181818,
    "2": 0.18181818181818182,
    "4": 0.011363636363636364
  },
  "VII_sus4": {
    "1": 0.9056603773584906,
    "2": 0.07547169811320754,
    "3": 0.018867924528301886
  },
  "VII_sus2": {
    "1": 0.9354838709677419,
    "3": 0.016129032258064516,