{
  "II#_M7": {
    "1": 0.9230769230769231,
    "2": 0.07692307692307693
  },
  "I_M": {
    "1": 0.7460691823899371,
    "2": 0.20125786163522014,
    "3": 0.036163522012578615,
    "4": 0.01179245283018868,
    "5": 0.0023584905660377358,
    "6": 0.0023584905660377358
  },
  "V_m": {
    "1": 0.8136645962732919,
    "2": 0.14285714285714285,
    "3": 0.037267080745341616,
    "4": 0.006211180124223602
  },
  "II_M": {
    "1": 0.9508196721311475,
    "2": 0.03278688524590164,
    "3": 0.01639344262295082
  },
  "IV_M": {
    "1": 0.848966613672496,
    "2": 0.11446740858505565,
    "3": 0.030206677265500796,
    "4": 0.006359300476947536
  },
  "VI_m7": {
    "1": 0.8159203980099502,
    "2": 0.16583747927031509,
    "3": 0.009950248756218905,
    "4": 0.001658374792703151,
    "5": 0.003316749585406302,
    "6": 0.001658374792703151,
    "7": 0.001658374792703151
  },
  "I_M7": {
    "1": 0.8038897893030794,
    "2": 0.1539708265802269,
    "3": 0.02593192868719611,
    "4": 0.008103727714748784,
    "5": 0.0032414910858995136,
    "6": 0.004862236628849271
  },
  "V_sus4": {
    "1": 0.8956916099773242,
    "2": 0.09523809523809523,
    "3": 0.0045351473922902496,
    "4": 0.0045351473922902496
  },
  "IV_sus2": {
    "1": 0.8730853391684902,
    "2": 0.11597374179431072,
    "3": 0.010940919037199124
  },
  "IV_M7": {
    "1": 0.8285302593659942,
    "2": 0.14553314121037464,
    "3": 0.018731988472622477,
    "4": 0.007204610951008645
  },
  "VI_m": {
    "1": 0.816793893129771,
    "2": 0.1717557251908397,
    "3": 0.0057251908396946565,
    "4": 0.0057251908396946565
  },
  "V_M": {
    "1": 0.8413391557496361,
    "2": 0.1339155749636099,
    "3": 0.021834061135371178,
    "4": 0.002911208151382824
  },
  "III_m": {
    "1": 0.8608247422680413,
    "2": 0.13402061855670103,
    "3": 0.005154639175257732
  },
  "III_M": {
    "1": 0.8780487804878049,
    "2": 0.10975609756097561,
    "3": 0.008130081300813009,
    "4": 0.0040650406504065045
  },
  "III_+": {
    "1": 0.9,
    "2": 0.1
  },
  "VI_sus2": {
    "1": 0.9541984732824428,
    "2": 0.04580152671755725
  },
  "I_m": {
    "1": 0.6867335562987736,
    "2": 0.21739130434782608,
    "3": 0.06354515050167224,
    "4": 0.014492753623188406,
    "5": 0.008918617614269788,
    "6": 0.005574136008918618,
    "7": 0.0033444816053511705
  },
  "I_m7": {
    "1": 0.7251461988304093,
    "2": 0.19298245614035087,
    "3": 0.04678362573099415,
    "4": 0.011695906432748537,
    "5": 0.005847953216374269,
    "6": 0.008771929824561403,
    "7": 0.0029239766081871343,
    "8": 0.005847953216374269
  },
  "I_sus2": {
    "1": 0.8315789473684211,
    "2": 0.14105263157894737,
    "3": 0.014736842105263158,
    "4": 0.01263157894736842
  },
  "IV_7": {
    "1": 0.8080808080808081,
    "2": 0.18181818181818182,
    "3": 0.010101010101010102
  },
  "VI_M": {
    "1": 0.8194130925507901,
    "2": 0.13769751693002258,
    "3": 0.02708803611738149,
    "4": 0.013544018058690745,
    "6": 0.002257336343115124
  },
  "III_sus2": {
    "1": 1.0
  },
  "VII_M7": {
    "1": 0.8,
    "2": 0.15,
    "3": 0.05
  },
  "V_m7": {
    "1": 0.8435374149659864,
    "2": 0.1292517006802721,
    "3": 0.02040816326530612,
    "4": 0.006802721088435374
  },
  "I_sus4": {
    "1": 0.8972809667673716,
    "2": 0.06948640483383686,
    "3": 0.021148036253776436,
    "4": 0.00906344410876133,
    "5": 0.0030211480362537764
  },
  "II_m": {
    "1": 0.8578431372549019,
    "2": 0.12745098039215685,
    "3": 0.014705882352941176
  },
  "III_m7": {
    "1": 0.8603603603603603,
    "2": 0.11711711711711711,
    "3": 0.0045045045045045045,
    "4": 0.013513513513513514,
    "5": 0.0045045045045045045
  },
  "II_sus4": {
    "1": 0.890625,
    "2": 0.09375,
    "3": 0.015625
  },
  "V#_+": {
    "1": 0.9333333333333333,
    "2": 0.06666666666666667
  },
  "VI#_m7": {
    "1": 0.8666666666666667,
    "3": 0.06666666666666667,
    "4": 0.06666666666666667
  },
  "V#_M": {
    "1": 0.9130434782608695,
    "2": 0.08695652173913043
  },
  "V#_M7": {
    "1": 0.6842105263157895,
    "2": 0.3157894736842105
  },
  "III_M7": {
    "1": 0.8146341463414634,
    "2": 0.15609756097560976,
    "3": 0.01951219512195122,
    "4": 0.00975609756097561
  },
  "V_7": {
    "1": 0.8392523364485981,
    "2": 0.13644859813084112,
    "3": 0.011214953271028037,
    "4": 0.005607476635514018,
    "5": 0.005607476635514018,
    "7": 0.001869158878504673
  },
  "III_7": {
    "1": 0.9090909090909091,
    "2": 0.06493506493506493,
    "3": 0.025974025974025976
  },
  "I_7": {
    "1": 0.8062015503875969,
    "2": 0.13178294573643412,
    "3": 0.046511627906976744,
    "4": 0.007751937984496124,
    "9": 0.007751937984496124
  },
  "II_m7": {
    "1": 0.8337408312958435,
    "2": 0.11735941320293398,
    "3": 0.034229828850855744,
    "4": 0.009779951100244499,
    "5": 0.0024449877750611247,
    "6": 0.0024449877750611247
  },
  "VII_m7": {
    "1": 0.9285714285714286,
    "2": 0.07142857142857142
  },
  "VI_7": {
    "1": 0.9558823529411765,
    "2": 0.029411764705882353,
    "5": 0.014705882352941176
  },
  "VI_sus4": {
    "1": 0.8777777777777778,
    "2": 0.1,
    "3": 0.022222222222222223
  },
  "IV_m": {
    "1": 0.8523489932885906,
    "2": 0.12080536912751678,
    "3": 0.013422818791946308,
    "4": 0.003355704697986577,
    "5": 0.006711409395973154,
    "7": 0.003355704697986577
  },
  "I_+": {
    "1": 0.76,
    "2": 0.1,
    "3": 0.06,
    "4": 0.04,
    "5": 0.04
  },
  "II_sus2": {
    "1": 0.9565217391304348,
    "2": 0.043478260869565216
  },
  "V_sus2": {
    "1": 0.8811881188118812,
    "2": 0.10891089108910891,
    "3": 0.009900990099009901
  },
  "II_7": {
    "1": 0.8636363636363636,
    "2": 0.11818181818181818,
    "3": 0.00909090909090909,
    "4": 0.00909090909090909
  },
  "II_+": {
    "1": 1.0
  },
  "VI#_M": {
    "1": 0.9,
    "2": 0.08571428571428572,
    "3": 0.014285714285714285
  },
  "IV#_o": {
    "1": 1.0
  },
  "III_o": {
    "1": 1.0
  },
  "III_/o7": {
    "1": 1.0
  },
  "VI#_M7": {
    "1": 0.9130434782608695,
    "2": 0.08695652173913043
  },
  "IV_sus4": {
    "1": 0.9473684210526315,
    "2": 0.05263157894736842
  },
  "V_M7": {
    "1": 0.7941176470588235,
    "2": 0.17647058823529413,
    "3": 0.029411764705882353
  },
  "VI#_7": {
    "1": 0.7142857142857143,
    "2": 0.14285714285714285,
    "3": 0.14285714285714285
  },
  "IV_m7": {
    "1": 0.7472924187725631,
    "2": 0.19494584837545126,
    "3": 0.04693140794223827,
    "4": 0.007220216606498195,
    "5": 0.0036101083032490976
  },
  "VI#_sus2": {
    "1": 0.8947368421052632,
    "2": 0.05263157894736842,
    "3": 0.05263157894736842
  },
  "IV_o7": {
    "1": 0.925,
    "2": 0.05,
    "6": 0.025
  },
  "VI_M7": {
    "1": 0.7271241830065359,
    "2": 0.19444444444444445,
    "3": 0.05718954248366013,
    "4": 0.00980392156862745,
    "5": 0.006535947712418301,
    "6": 0.0032679738562091504,
    "8": 0.0016339869281045752
  },
  "VII_M": {
    "1": 0.8838174273858921,
    "2": 0.0954356846473029,
    "3": 0.012448132780082987,
    "4": 0.008298755186721992
  },
  "III_sus4": {
    "1": 1.0
  },
  "V_+": {
    "1": 0.967741935483871,
    "2": 0.03225806451612903
  },
  "VI_o": {
    "1": 0.9285714285714286,
    "2": 0.07142857142857142
  },
  "II_M7": {
    "1": 0.9166666666666666,
    "3": 0.08333333333333333
  },
  "II#_M": {
    "1": 0.8888888888888888,
    "2": 0.1111111111111111
  },
  "VII_/o7": {
    "1": 0.9411764705882353,
    "2": 0.058823529411764705
  },
  "VI#_+": {
    "1": 1.0
  },
  "VII_7": {
    "1": 0.8068181818181818,
    "2": 0.18181818181818182,
    "4": 0.011363636363636364
  },
  "VII_sus4": {
    "1": 0.9056603773584906,
    "2": 0.07547169811320754,
    "3": 0.018867924528301886
  },
  "VII_sus2": {
    "1": 0.9354838709677419,
    "2": 0.04838709677419355,
    "3": 0.016129032258064516
  },
  "V#_sus2": {
    "1": 1.0
  },
  "I#_M": {
    "1": 0.875,
    "2": 0.125
  },
  "VI#_m": {
    "1": 0.9,
    "2": 0.05,