{
  "Q1_major": {
    "II#_M7": 0.014634146341463415,
    "II_M": 0.014634146341463415,
    "I_sus4": 0.024390243902439025,
    "V_M": 0.08780487804878048,
    "I_M": 0.3024390243902439,
    "I_M7": 0.06341463414634146,
    "IV_M7": 0.03902439024390244,
    "V_sus4": 0.04878048780487805,
    "I_sus2": 0.03902439024390244,
    "IV_M": 0.03902439024390244,
    "II_sus4": 0.00975609756097561,
    "IV_sus2": 0.03902439024390244,
    "III_m": 0.024390243902439025,
    "III_7": 0.00975609756097561,
    "III_M": 0.00975609756097561,
    "VI_m": 0.03414634146341464,
    "II_sus2": 0.00975609756097561,
    "II#_M": 0.004878048780487805,
    "V_sus2": 0.004878048780487805,
    "III_+": 0.00975609756097561,
    "V#_M": 0.00975609756097561,
    "III_m7": 0.004878048780487805,
    "II_7": 0.00975609756097561,
    "VI_m7": 0.01951219512195122,
    "V_7": 0.00975609756097561,
    "I#_M": 0.00975609756097561,
    "I_7": 0.004878048780487805,
    "VI#_M": 0.014634146341463415,
    "IV#_sus4": 0.004878048780487805,
    "II_m7": 0.00975609756097561,
    "VI_M": 0.004878048780487805,
    "II_m": 0.014634146341463415,
    "V_m": 0.004878048780487805,
    "III_sus4": 0.004878048780487805,
    "I_o7": 0.004878048780487805,
    "IV_m": 0.004878048780487805,
    "VI#_M7": 0.004878048780487805,
    "V#_o7": 0.004878048780487805,
    "VII_m": 0.004878048780487805,
    "II_M7": 0.004878048780487805,
    "I#_o7": 0.004878048780487805,
    "VII_m7": 0.004878048780487805,
    "II#_+": 0.004878048780487805
  },
  "Q1_minor": {
    "I_m": 0.1951219512195122,
    "IV_sus2": 0.024390243902439025,
    "III_M7": 0.024390243902439025,
    "VII_M": 0.04878048780487805,
    "VI#_+": 0.024390243902439025,
    "V_M": 0.07317073170731707,
    "III_M": 0.024390243902439025,
    "V_7": 0.07317073170731707,
    "VI_M7": 0.07317073170731707,
    "V_+": 0.024390243902439025,
    "V_m7": 0.04878048780487805,
    "VII_sus2": 0.024390243902439025,
    "I_m7": 0.04878048780487805,
    "V_m": 0.024390243902439025,
    "I_sus4": 0.04878048780487805,
    "VI_sus2": 0.04878048780487805,
    "I_M": 0.07317073170731707,
    "V_sus4": 0.024390243902439025,
    "I_7": 0.024390243902439025,
    "VI#_o": 0.024390243902439025,
    "I_M7": 0.024390243902439025
  },
  "Q2_minor": {
    "VI_M": 0.03773584905660377,
    "II_7": 0.0047169811320754715,
    "I_+": 0.0330188679245283,
    "IV_sus4": 0.014150943396226415,
    "VII_m7": 0.0047169811320754715,
    "III_sus2": 0.014150943396226415,
    "I_m": 0.25,
    "V_sus4": 0.02358490566037736,
    "I_7": 0.0047169811320754715,
    "II_m7": 0.0047169811320754715,
    "IV_sus2": 0.014150943396226415,
    "V_7": 0.014150943396226415,
    "II_M": 0.014150943396226415,
    "I_M": 0.08018867924528301,
    "VI_sus2": 0.014150943396226415,
    "IV_m": 0.03773584905660377,
    "V_M": 0.04245283018867924,
    "III_M": 0.02358490566037736,
    "VI#_M": 0.0047169811320754715,
    "V_+": 0.014150943396226415,
    "VI_M7": 0.08962264150943396,
    "I_sus2": 0.0330188679245283,
    "IV_M": 0.009433962264150943,
    "I#_sus4": 0.0047169811320754715,
    "I_m7": 0.018867924528301886,
    "VII_m": 0.0047169811320754715,
    "III_M7": 0.018867924528301886,
    "VI#_sus2": 0.0047169811320754715,
    "VII_7": 0.018867924528301886,
    "VII_M": 0.018867924528301886,
    "I_M7": 0.018867924528301886,
    "VI_m": 0.0047169811320754715,
    "VI_7": 0.009433962264150943,
    "V_m": 0.02830188679245283,
    "VII_sus2": 0.018867924528301886,
    "I#_sus2": 0.0047169811320754715,
    "II_m": 0.0047169811320754715,
    "II_sus4": 0.0047169811320754715,
    "IV_m7": 0.0047169811320754715,
    "I#_M7": 0.0047169811320754715,
    "VI#_m": 0.0047169811320754715,
    "VII_sus4": 0.0047169811320754715,
    "I#_M": 0.0047169811320754715,
    "V_M7": 0.0047169811320754715,
    "IV_7": 0.0047169811320754715
  },
  "Q2_major": {
    "VI_m": 0.17647058823529413,
    "IV_M": 0.11764705882352941,
    "I_M": 0.09803921568627451,
    "VI_sus2": 0.0196078431372549,
    "I#_m": 0.0196078431372549,
    "III_M": 0.058823529411764705,
    "I_M7": 0.058823529411764705,
    "I_sus2": 0.0392156862745098,
    "V_7": 0.0196078431372549,
    "V#_o": 0.0196078431372549,
    "IV_sus2": 0.0196078431372549,
    "VI_m7": 0.0392156862745098,
    "II_m": 0.0196078431372549,
    "I_m": 0.0196078431372549,
    "V_M": 0.09803921568627451,
    "IV#_m": 0.0196078431372549,
    "IV_M7": 0.058823529411764705,
    "V#_M7": 0.0196078431372549,
    "V_sus2": 0.0196078431372549,
    "I_sus4": 0.0196078431372549,
    "III_m": 0.0196078431372549,
    "VII_sus2": 0.0196078431372549
  },
  "Q3_minor": {
    "I_sus2": 0.05517241379310345,
    "I_+": 0.020689655172413793,
    "I_m": 0.38620689655172413,
    "V_7": 0.013793103448275862,
    "V_M": 0.041379310344827586,
    "III_M": 0.06896551724137931,
    "I_M": 0.09655172413793103,
    "IV_m": 0.05517241379310345,
    "II_7": 0.006896551724137931,
    "IV_m7": 0.027586206896551724,
    "II_M": 0.013793103448275862,
    "VI_M": 0.041379310344827586,
    "III_sus2": 0.006896551724137931,
    "III_M7": 0.006896551724137931,
    "I#_sus2": 0.006896551724137931,
    "II_o7": 0.006896551724137931,
    "V_+": 0.006896551724137931,
    "V_sus4": 0.034482758620689655,
    "IV_M": 0.013793103448275862,
    "VI_M7": 0.020689655172413793,
    "VII_M7": 0.006896551724137931,
    "IV_sus2": 0.013793103448275862,
    "I#_M7": 0.006896551724137931,
    "I_sus4": 0.020689655172413793,
    "II_M7": 0.006896551724137931,
    "VI#_/o7": 0.006896551724137931,
    "I_m7": 0.006896551724137931
  },
  "Q3_major": {
    "IV_M": 0.06481481481481481,
    "VI_m": 0.1574074074074074,
    "VI_sus2": 0.07407407407407407,
    "III_sus4": 0.018518518518518517,
    "IV_M7": 0.037037037037037035,
    "III_m": 0.018518518518518517,
    "VI_M": 0.009259259259259259,
    "I_sus2": 0.018518518518518517,
    "III_M": 0.037037037037037035,
    "I_M": 0.18518518518518517,
    "VI_m7": 0.06481481481481481,
    "IV_o": 0.009259259259259259,
    "VI_+": 0.009259259259259259,
    "V_M": 0.037037037037037035,
    "IV_sus2": 0.046296296296296294,
    "II_m": 0.018518518518518517,
    "IV#_m": 0.009259259259259259,
    "V_sus2": 0.009259259259259259,
    "VI_7": 0.009259259259259259,
    "V#_+": 0.009259259259259259,
    "VII_sus4": 0.018518518518518517,
    "II_m7": 0.018518518518518517,
    "V_sus4": 0.018518518518518517,
    "II_sus2": 0.037037037037037035,
    "I_M7": 0.009259259259259259,
    "III_m7": 0.009259259259259259,
    "II_sus4": 0.009259259259259259,
    "IV_m": 0.009259259259259259,
    "VII_M": 0.018518518518518517,
    "I_+": 0.009259259259259259
  },
  "Q4_major": {
    "I_M": 0.3543307086614173,
    "II_m7": 0.003937007874015748,
    "VI_sus2": 0.011811023622047244,
    "III_sus4": 0.011811023622047244,
    "V_M": 0.06692913385826772,
    "I_M7": 0.04330708661417323,
    "IV_M7": 0.03543307086614173,
    "I_sus4": 0.01968503937007874,
    "VI#_o": 0.003937007874015748,
    "VI_m7": 0.04330708661417323,
    "IV_sus2": 0.023622047244094488,
    "VI_7": 0.003937007874015748,
    "I_sus2": 0.027559055118110236,
    "II_sus2": 0.007874015748031496,
    "VI_m": 0.07480314960629922,
    "III_m7": 0.011811023622047244,
    "VII_+": 0.011811023622047244,
    "IV_M": 0.05905511811023622,
    "III_m": 0.01968503937007874,
    "III_7": 0.015748031496062992,
    "I#_M7": 0.003937007874015748,
    "III_M": 0.015748031496062992,
    "II_sus4": 0.007874015748031496,
    "I#_o7": 0.003937007874015748,
    "I_7": 0.003937007874015748,
    "V_sus4": 0.031496062992125984,
    "VII_M": 0.003937007874015748,
    "V_m": 0.003937007874015748,
    "VI_sus4": 0.007874015748031496,
    "II_7": 0.007874015748031496,
    "VI#_M": 0.007874015748031496,
    "II_m": 0.011811023622047244,
    "VI_M": 0.015748031496062992,
    "V_7": 0.003937007874015748,
    "IV#_m": 0.003937007874015748,
    "V_sus2": 0.003937007874015748,
    "II_M": 0.007874015748031496,
    "I#_sus2": 0.003937007874015748
  },
  "Q4_minor": {
    "VI_M": 0.07272727272727272,