{
  "Q1_major": {
    "II#_M7": 0.014634146341463415,
    "II_M": 0.014634146341463415,
    "I_sus4": 0.01951219512195122,
    "V_M": 0.08292682926829269,
    "I_M": 0.23414634146341465,
    "I_M7": 0.05853658536585366,
    "None_None": 0.14146341463414633,
    "IV_M7": 0.03414634146341464,
    "V_sus4": 0.03902439024390244,
    "I_sus2": 0.03902439024390244,
    "IV_M": 0.03414634146341464,
    "II_sus4": 0.00975609756097561,
    "IV_sus2": 0.03902439024390244,
    "III_m": 0.024390243902439025,
    "III_7": 0.00975609756097561,
    "III_M": 0.004878048780487805,
    "VI_m": 0.024390243902439025,
    "II_sus2": 0.00975609756097561,
    "II#_M": 0.004878048780487805,
    "V_sus2": 0.004878048780487805,
    "III_+": 0.00975609756097561,
    "V#_M": 0.00975609756097561,
    "III_m7": 0.004878048780487805,
    "II_7": 0.00975609756097561,
    "VI_m7": 0.01951219512195122,
    "V_7": 0.00975609756097561,
    "I#_M": 0.00975609756097561,
    "I_7": 0.004878048780487805,
    "IV#_sus4": 0.004878048780487805,
    "II_m7": 0.00975609756097561,
    "VI_M": 0.004878048780487805,
    "II_m": 0.00975609756097561,
    "V_m": 0.004878048780487805,
    "III_sus4": 0.004878048780487805,
    "I_o7": 0.004878048780487805,
    "IV_m": 0.004878048780487805,
    "V#_o7": 0.004878048780487805,
    "VI#_M": 0.004878048780487805,
    "VII_m": 0.004878048780487805,
    "II_M7": 0.004878048780487805,
    "I#_o7": 0.004878048780487805,
    "II#_+": 0.004878048780487805
  },
  "Q1_minor": {
    "I_m": 0.14634146341463414,
    "IV_sus2": 0.024390243902439025,
    "III_M7": 0.024390243902439025,
    "None_None": 0.17073170731707318,
    "VI#_+": 0.024390243902439025,
    "V_M": 0.07317073170731707,
    "III_M": 0.024390243902439025,
    "V_7": 0.07317073170731707,
    "VI_M7": 0.07317073170731707,
    "V_+": 0.024390243902439025,
    "V_m7": 0.04878048780487805,
    "VII_sus2": 0.024390243902439025,
    "V_m": 0.024390243902439025,
    "VI_sus2": 0.04878048780487805,
    "I_M": 0.07317073170731707,
    "I_m7": 0.024390243902439025,
    "V_sus4": 0.024390243902439025,
    "I_7": 0.024390243902439025,
    "VII_M": 0.024390243902439025,
    "I_M7": 0.024390243902439025
  },
  "Q2_minor": {
    "None_None": 0.16037735849056603,
    "II_7": 0.0047169811320754715,
    "I_+": 0.0330188679245283,
    "VII_m7": 0.0047169811320754715,
    "V_sus4": 0.02358490566037736,
    "I_m": 0.19339622641509435,
    "I_7": 0.0047169811320754715,
    "II_m7": 0.0047169811320754715,
    "VI_M": 0.02830188679245283,
    "IV_sus2": 0.014150943396226415,
    "V_7": 0.014150943396226415,
    "II_M": 0.014150943396226415,
    "I_M": 0.0660377358490566,
    "VI_sus2": 0.009433962264150943,
    "IV_m": 0.03773584905660377,
    "V_M": 0.0330188679245283,
    "III_M": 0.02358490566037736,
    "VI#_M": 0.0047169811320754715,
    "V_+": 0.014150943396226415,
    "VI_M7": 0.0660377358490566,
    "I_sus2": 0.018867924528301886,
    "IV_M": 0.009433962264150943,
    "I#_sus4": 0.0047169811320754715,
    "III_sus2": 0.009433962264150943,
    "I_m7": 0.018867924528301886,
    "VII_m": 0.0047169811320754715,
    "III_M7": 0.014150943396226415,
    "VII_7": 0.018867924528301886,
    "VII_M": 0.018867924528301886,
    "I_M7": 0.014150943396226415,
    "VI_m": 0.0047169811320754715,
    "VI_7": 0.009433962264150943,
    "V_m": 0.02358490566037736,
    "IV_sus4": 0.009433962264150943,
    "VII_sus2": 0.018867924528301886,
    "I#_sus2": 0.0047169811320754715,
    "II_m": 0.0047169811320754715,
    "II_sus4": 0.0047169811320754715,
    "IV_m7": 0.0047169811320754715,
    "I#_M7": 0.0047169811320754715,
    "VI#_m": 0.0047169811320754715,
    "VII_sus4": 0.0047169811320754715,
    "I#_M": 0.0047169811320754715,
    "V_M7": 0.0047169811320754715,
    "IV_7": 0.0047169811320754715
  },
  "Q2_major": {
    "None_None": 0.23529411764705882,
    "IV_M": 0.09803921568627451,
    "I_M": 0.0784313725490196,
    "VI_sus2": 0.0196078431372549,
    "III_M": 0.058823529411764705,
    "I_M7": 0.0392156862745098,
    "I_sus2": 0.0392156862745098,
    "V_7": 0.0196078431372549,
    "V#_o": 0.0196078431372549,
    "IV_sus2": 0.0196078431372549,
    "VI_m7": 0.0392156862745098,
    "I_m": 0.0196078431372549,
    "V_M": 0.09803921568627451,
    "VI_m": 0.0784313725490196,
    "IV#_m": 0.0196078431372549,
    "IV_M7": 0.058823529411764705,
    "V#_M7": 0.0196078431372549,
    "V_sus2": 0.0196078431372549,
    "VII_sus2": 0.0196078431372549
  },
  "Q3_minor": {
    "I_sus2": 0.041379310344827586,
    "I_+": 0.013793103448275862,
    "I_m": 0.3103448275862069,
    "V_7": 0.013793103448275862,
    "V_M": 0.041379310344827586,
    "None_None": 0.15862068965517243,
    "III_M": 0.06896551724137931,
    "I_M": 0.0896551724137931,
    "IV_m": 0.041379310344827586,
    "IV_m7": 0.027586206896551724,
    "II_M": 0.013793103448275862,
    "III_sus2": 0.006896551724137931,
    "III_M7": 0.006896551724137931,
    "VI_M": 0.027586206896551724,
    "I#_sus2": 0.006896551724137931,
    "V_sus4": 0.034482758620689655,
    "IV_M": 0.013793103448275862,
    "VI_M7": 0.020689655172413793,
    "VII_M7": 0.006896551724137931,
    "IV_sus2": 0.013793103448275862,
    "I_sus4": 0.020689655172413793,
    "II_M7": 0.006896551724137931,
    "VI#_/o7": 0.006896551724137931,
    "I_m7": 0.006896551724137931
  },
  "Q3_major": {
    "IV_M": 0.05555555555555555,
    "VI_m": 0.1574074074074074,
    "VI_sus2": 0.05555555555555555,
    "III_sus4": 0.018518518518518517,
    "IV_M7": 0.018518518518518517,
    "None_None": 0.10185185185185185,
    "VI_M": 0.009259259259259259,
    "I_sus2": 0.018518518518518517,
    "III_M": 0.037037037037037035,
    "I_M": 0.16666666666666666,
    "VI_m7": 0.06481481481481481,
    "IV_o": 0.009259259259259259,
    "VI_+": 0.009259259259259259,
    "V_M": 0.037037037037037035,
    "IV_sus2": 0.046296296296296294,
    "II_m": 0.009259259259259259,
    "IV#_m": 0.009259259259259259,
    "III_m": 0.009259259259259259,
    "V_sus2": 0.009259259259259259,
    "VI_7": 0.009259259259259259,
    "V#_+": 0.009259259259259259,
    "VII_sus4": 0.018518518518518517,
    "II_m7": 0.009259259259259259,
    "V_sus4": 0.018518518518518517,
    "II_sus2": 0.037037037037037035,
    "I_M7": 0.009259259259259259,
    "III_m7": 0.009259259259259259,
    "IV_m": 0.009259259259259259,
    "VII_M": 0.018518518518518517,
    "I_+": 0.009259259259259259
  },
  "Q4_major": {
    "I_M": 0.3031496062992126,
    "II_m7": 0.003937007874015748,
    "VI_sus2": 0.003937007874015748,
    "III_sus4": 0.011811023622047244,
    "V_M": 0.06692913385826772,
    "None_None": 0.15748031496062992,
    "IV_M7": 0.01968503937007874,
    "I_sus4": 0.01968503937007874,
    "IV_sus2": 0.01968503937007874,
    "VI_7": 0.003937007874015748,
    "I_sus2": 0.023622047244094488,
    "II_sus2": 0.007874015748031496,
    "VI_m": 0.07086614173228346,
    "III_m7": 0.011811023622047244,
    "VI_m7": 0.031496062992125984,
    "VII_+": 0.011811023622047244,
    "IV_M": 0.051181102362204724,
    "III_m": 0.011811023622047244,
    "III_7": 0.015748031496062992,
    "I#_M7": 0.003937007874015748,
    "III_M": 0.015748031496062992,
    "II_sus4": 0.007874015748031496,
    "I_M7": 0.03543307086614173,
    "VII_M": 0.003937007874015748,
    "V_sus4": 0.023622047244094488,
    "V_m": 0.003937007874015748,
    "VI_sus4": 0.003937007874015748,
    "II_7": 0.007874015748031496,
    "VI#_M": 0.003937007874015748,
    "V_7": 0.003937007874015748,
    "VI_M": 0.011811023622047244,
    "II_m": 0.007874015748031496,
    "IV#_m": 0.003937007874015748,
    "V_sus2": 0.003937007874015748,
    "II_M": 0.007874015748031496,
    "I#_sus2": 0.003937007874015748
  },
  "Q4_minor": {
    "VI_M": 0.05454545454545454,
    "V_+": 0.01818181818181818,
    "I_m": 0.2545454545454545,
    "I_m7": 0.05454545454545454,
    "V_sus4": 0.01818181818181818,
    "IV_m": 0.03636363636363636,
    "None_None": 0.16363636363636364,
    "I_M": 0.03636363636363636,
    "I_sus2": 0.03636363636363636,
    "III_M": 0.07272727272727272,